Wall time,Step,Value
1694433846.2936633,0,0.3412942886352539
1694434461.8937984,1,0.3863636255264282
1694435128.51387,2,0.4183359146118164
1694436107.705737,3,0.47727271914482117
1694436932.996703,4,0.5485361814498901
1694437481.1348784,5,0.5454545617103577
1694438032.4686208,6,0.5731894969940186
1694438603.0622692,7,0.6105546951293945
1694439464.9797716,8,0.6290447115898132
